Serial Number,Country,Total Cases,Total Deaths,Total Recovered,Active Cases,Total Test,Population,2022 Population,total_vaccinations,people_vaccinated,people_fully_vaccinated,daily_vaccinations_raw,daily_vaccinations,total_vaccinations_per_hundred,people_vaccinated_per_hundred,people_fully_vaccinated_per_hundred,daily_vaccinations_per_million
2,India,44682784,530740.0,44150289.0,1755.0,915265788.0,1406631776.0,1417173173,1834500657.0,984838143.0,828229455.0,1765216398.0,1829085487.0,131.66,70.68,59.44,2996.970319634703
3,France,39524311,164233.0,39264546.0,95532.0,271490188.0,65584518.0,64626628,141666197.0,53993210.0,52438706.0,141665604.0,141586302.0,210.12,80.08,77.78,4605.289473684211
4,Germany,37779833,165711.0,37398100.0,216022.0,122332384.0,83883596.0,83369843,171940027.0,63664250.0,63142649.0,171915651.0,171903993.0,204.93,75.88,75.26,4483.3829321663015
5,Brazil,36824580,697074.0,35919372.0,208134.0,63776166.0,215353593.0,215313498,413559595.0,181078067.0,160272858.0,409720779.0,411378534.0,193.26,84.62,74.9,4409.162844036698
6,Japan,32588442,68399.0,21567425.0,10952618.0,92144639.0,125584838.0,123951692,254345587.0,102467506.0,100633737.0,179475445.0,251739703.0,201.78,81.29,79.84,4931.18024691358
8,Italy,25453789,186833.0,25014986.0,251970.0,265478247.0,60262770.0,59037474,135870869.0,50723408.0,47817555.0,135863520.0,135755490.0,225.07,84.02,79.21,4920.831509846827
10,Russia,21958696,395108.0,21356008.0,207580.0,273400000.0,145805947.0,144713314,163601171.0,79954746.0,72841232.0,145843660.0,163251520.0,112.12,54.8,49.92,2385.6012793176974
11,Turkey,17042722,101492.0,,,162743369.0,85561976.0,85341241,146881913.0,57776278.0,52968985.0,144526459.0,147484328.0,172.72,67.94,62.29,3941.4295454545454
12,Spain,13731478,118434.0,13557699.0,55345.0,471036328.0,46719142.0,47558630,93807121.0,41134037.0,40118474.0,63202201.0,93768856.0,200.68,88.0,85.82,4528.119638826185
13,Vietnam,11526508,43186.0,10612479.0,870843.0,85826548.0,98953541.0,98186856,203144374.0,79947189.0,77754108.0,124338690.0,201816053.0,206.93,81.44,79.2,5410.0
14,Australia,11295446,18615.0,11235771.0,41060.0,78835048.0,26068792.0,26177413,56242913.0,22202366.0,21200432.0,55798854.0,56071891.0,218.1,86.1,82.21,5422.2418952618455
15,Argentina,10037135,130421.0,9877032.0,29682.0,35716069.0,46010234.0,45510318,96504666.0,40907186.0,36924451.0,96484179.0,96396690.0,211.61,89.7,80.96,4645.465934065934
16,Taiwan,9569611,16356.0,9129766.0,423489.0,30207485.0,23888595.0,23893394,49481298.0,19449353.0,18254357.0,38468171.0,49343587.0,207.43,81.53,76.52,5545.517426273458
17,Netherlands,8582500,22989.0,8547771.0,11740.0,25984435.0,17211447.0,17564014,34038677.0,13455761.0,12366525.0,0.0,34007500.0,198.21,78.35,72.01,4562.829493087557
18,Iran,7564350,144749.0,7337549.0,82052.0,54420785.0,86022837.0,88550570,146792557.0,63872818.0,56810058.0,19055290.0,146357015.0,172.64,75.12,66.81,4157.630434782609
19,Mexico,7368252,332198.0,6606633.0,429421.0,19356195.0,131562772.0,127504125,191907868.0,85580293.0,79711762.0,150635402.0,190175636.0,147.32,65.7,61.19,3173.7869565217393
20,Indonesia,6730289,160817.0,6565208.0,4264.0,114158919.0,279134505.0,275501339,377108938.0,196240871.0,158830466.0,313487313.0,373213575.0,136.45,71.01,57.47,3062.249433106576
21,Poland,6380225,118736.0,5335940.0,925549.0,38118630.0,37739785.0,39857145,53908363.0,22585418.0,22343826.0,37720015.0,53904067.0,142.63,59.75,59.12,3127.5526315789475
22,Colombia,6356309,142486.0,6179501.0,34322.0,36951507.0,51512762.0,51874024,80573164.0,41940039.0,34730020.0,49425698.0,80325853.0,157.17,81.81,67.74,3887.9652605459055
23,Austria,5780229,21689.0,5730189.0,28351.0,211273524.0,9066710.0,8939617,18131115.0,6812569.0,6588761.0,0.0,18131949.0,200.5,75.33,72.86,4546.6349206349205
24,Greece,5708301,35630.0,5662212.0,10459.0,102228365.0,10316637.0,10384971,20503242.0,7896367.0,7592528.0,19596342.0,20470918.0,197.7,76.14,73.21,4328.736842105263
25,Portugal,5563907,26022.0,5532366.0,5519.0,45915651.0,10140570.0,10270865,22923599.0,9663542.0,9415073.0,19698543.0,22920938.0,225.45,95.04,92.6,5146.664383561644
26,Ukraine,5370131,111020.0,5253302.0,5809.0,32603805.0,43192122.0,39701739,31683310.0,15729617.0,15221792.0,31683151.0,31526868.0,72.89,36.19,35.02,1992.5851648351647
27,Chile,5118981,63812.0,5051555.0,3614.0,48127301.0,19250195.0,19603733,50302179.0,17859475.0,17346012.0,50301759.0,50166643.0,261.82,92.96,90.29,5764.154525386313
28,Malaysia,5036593,36942.0,4989861.0,9790.0,67665089.0,33181072.0,33938221,68795057.0,27494218.0,25801561.0,68794991.0,68692510.0,209.89,83.88,78.72,5265.819095477387
29,Israel,4786189,12193.0,4768242.0,5754.0,41373364.0,9326000.0,9038309,18062854.0,6702717.0,6128503.0,18062784.0,18119560.0,194.41,72.14,65.96,4194.01935483871
31,Thailand,4726984,33865.0,4692636.0,483.0,17270775.0,70078203.0,71697030,128882372.0,55362342.0,50159803.0,113541964.0,128433095.0,184.25,79.14,71.71,4648.2405063291135
32,Belgium,4691499,33557.0,4644681.0,13261.0,36548544.0,11668278.0,11655930,25235826.0,9230428.0,9126319.0,25235487.0,25221195.0,216.95,79.35,78.46,4786.3002207505515
34,Canada,4550256,50380.0,4444013.0,55863.0,66343123.0,38388419.0,38454327,82076782.0,32665747.0,31149796.0,81534153.0,82010216.0,215.61,85.81,81.83,4593.452025586354
35,Peru,4481621,218931.0,4258688.0,4002.0,37754603.0,33684208.0,34049588,65552891.0,28381144.0,25480351.0,65552882.0,65303746.0,196.5,85.08,76.38,4762.948905109489
36,Switzerland,4385701,14452.0,4366770.0,4479.0,23318743.0,8773637.0,8740472,15635047.0,6081712.0,5993447.0,15635046.0,15629760.0,179.39,69.78,68.77,3881.6623376623374
37,Philippines,4073454,65802.0,3998048.0,9604.0,34343332.0,112508994.0,115559009,148799120.0,70173137.0,65804988.0,54949064.0,144426925.0,134.0,63.19,59.26,3301.01269035533
38,South Africa,4055966,102595.0,3912506.0,40865.0,26473049.0,60756135.0,59893885,33485691.0,20894155.0,17833534.0,15916961.0,33331178.0,55.77,34.8,29.7,1367.3300492610838
39,Romania,3325006,67576.0,3252104.0,5326.0,26389988.0,19031335.0,19659267,16736886.0,8162071.0,8083344.0,16733505.0,16736695.0,87.5,42.67,42.26,1918.8508771929824
40,Denmark,3173247,8145.0,3163849.0,1253.0,129144754.0,5834950.0,5882261,13211743.0,4841445.0,4801547.0,13211735.0,13209023.0,227.27,83.28,82.6,4783.583157894737
41,Hong Kong,2877280,13358.0,2509483.0,354439.0,76123870.0,7604299.0,7488865,14944464.0,6502770.0,5739533.0,14926789.0,14782968.0,197.87,86.1,75.99,4917.834170854271
42,Sweden,2693458,23246.0,2658039.0,12173.0,19410527.0,10218971.0,10549347,21053545.0,7817094.0,7614496.0,72534.0,21010705.0,207.22,76.94,74.94,4636.632286995516
43,Serbia,2471198,17701.0,2440527.0,12970.0,12154486.0,8653016.0,7221365,8494958.0,3347209.0,3269374.0,3263470.0,8490135.0,123.63,48.71,47.58,2820.9086757990867
44,Iraq,2465545,25375.0,2439497.0,673.0,19544451.0,42164965.0,44496122,17536902.0,10266670.0,7121524.0,9985.0,17478087.0,42.59,24.93,17.29,1096.6899224806202
45,Singapore,2217110,1722.0,2144490.0,70898.0,24756666.0,5943546.0,5975689,13825593.0,5005722.0,4964989.0,13825469.0,13798972.0,253.51,91.79,91.04,5585.536423841059
46,Hungary,2192447,48677.0,2139857.0,3913.0,11394556.0,9606259.0,9967308,16429829.0,6402207.0,6186672.0,8276404.0,16376999.0,170.54,66.45,64.22,3794.2879464285716
47,New Zealand,2182355,3781.0,2169320.0,9254.0,7710637.0,4898203.0,5185288,10950139.0,4284293.0,4051832.0,10950137.0,10930674.0,213.61,83.57,79.04,5226.149509803921
48,Bangladesh,2037556,29442.0,1992694.0,15420.0,15247014.0,167885689.0,171186372,243642749.0,127544055.0,107712737.0,114220220.0,232845439.0,146.5,76.69,64.77,3278.9508196721313
49,Slovakia,1860893,20946.0,1839309.0,638.0,7390781.0,5460193.0,5643453,7052526.0,2819708.0,2763187.0,0.0,7036417.0,129.42,51.74,50.71,2882.2589285714284
50,Georgia,1814180,16926.0,1776548.0,20706.0,16920079.0,3968738.0,3744385,2857215.0,1600698.0,1256517.0,1438551.0,2853746.0,71.79,40.22,31.57,1886.9921052631578
51,Jordan,1746997,14122.0,1731007.0,1868.0,17201885.0,10300869.0,11285869,9727982.0,4714575.0,4412071.0,4260392.0,9706638.0,94.73,45.91,42.96,2239.9028436018957
52,Ireland,1700253,8462.0,1685183.0,6608.0,12984257.0,5020199.0,5023109,10741777.0,4069002.0,4007756.0,10692692.0,10729599.0,215.57,81.66,80.43,4732.487912087912
53,Pakistan,1576313,30640.0,1538689.0,6984.0,30570862.0,229488994.0,235824862,219368557.0,128074138.0,101881176.0,87537406.0,217745032.0,97.41,56.87,45.24,2411.2693266832916
54,Norway,1477856,5112.0,1471835.0,909.0,11002430.0,5511370.0,5434319,11269240.0,4331582.0,4027038.0,11269240.0,11267309.0,206.18,79.25,73.68,4285.821205821206
55,Finland,1458619,8639.0,1447569.0,2411.0,12017711.0,5554960.0,5540745,11679339.0,4505614.0,4308827.0,1254404.0,11682015.0,210.5,81.21,77.66,4678.857777777778
56,Kazakhstan,1405917,13695.0,1383020.0,9202.0,11575012.0,19205043.0,19397998,20918681.0,9451240.0,9150398.0,18655980.0,20891256.0,110.13,49.76,48.17,2777.368686868687
57,Slovenia,1321852,7056.0,1311159.0,3637.0,2824843.0,2078034.0,2119844,2977006.0,1264649.0,1220153.0,2970807.0,2974046.0,143.21,60.84,58.7,3130.6542669584246
58,Lithuania,1296865,9545.0,1282528.0,4792.0,10350770.0,2661708.0,2750055,4465769.0,1948513.0,1872520.0,4463352.0,4469241.0,166.02,72.44,69.61,3635.6695842450767
59,Bulgaria,1295426,38179.0,1254491.0,2756.0,10987749.0,6844597.0,6781953,4348404.0,2081276.0,2049909.0,4177499.0,4347686.0,63.05,30.18,29.72,1385.4901098901098
60,Morocco,1272240,16296.0,1255881.0,63.0,12930733.0,37772756.0,37457971,54201634.0,24878016.0,23346308.0,27406052.0,54300576.0,145.14,66.62,62.52,3470.2315035799525
61,Croatia,1267580,17877.0,1249168.0,535.0,5476183.0,4059286.0,4030358,5224151.0,2310786.0,2237864.0,3700529.0,5217712.0,127.99,56.61,54.83,2815.713656387665
62,Lebanon,1228639,10790.0,1087587.0,130262.0,4795578.0,6684849.0,5489739,5276097.0,2516012.0,2201517.0,4824180.0,5270519.0,77.94,37.17,32.52,1903.7041564792175
63,Guatemala,1227853,20106.0,1204545.0,3202.0,6757892.0,18584039.0,17843908,15845925.0,7624143.0,5929957.0,13410832.0,15603719.0,86.83,41.78,32.49,2175.5903307888043
64,Bolivia,1187986,22346.0,1146143.0,19497.0,2705422.0,11992656.0,12224110,12972370.0,7043449.0,5747856.0,12900359.0,12926843.0,109.63,59.52,48.58,2658.004866180049
65,Costa Rica,1186176,9158.0,860711.0,316307.0,4659757.0,5182354.0,5180829,10166273.0,4336171.0,3971404.0,0.0,10092933.0,197.82,84.38,77.28,4278.7930283224405
66,Tunisia,1150356,29308.0,,,4997373.0,12046656.0,12356117,13037269.0,7171789.0,6345597.0,8546232.0,13034732.0,109.23,60.09,53.16,2919.994652406417
67,Cuba,1112438,8530.0,1103799.0,109.0,14298479.0,11305652.0,11212191,35342367.0,10630665.0,9910237.0,30945393.0,33802957.0,312.28,93.93,87.57,9955.943333333333
68,Ecuador,1051239,35942.0,1011682.0,3615.0,3082403.0,18113361.0,18001000,33165706.0,14836133.0,13709968.0,32494483.0,33080034.0,185.4,82.94,76.64,4300.541860465116
70,Uruguay,1032710,7609.0,1023939.0,1162.0,6114822.0,3496016.0,3422794,8027751.0,2972777.0,2842482.0,8027368.0,8025066.0,230.34,85.3,81.56,5829.4911392405065
71,Panama,1029701,8596.0,1020206.0,899.0,7475016.0,4446964.0,4408581,7889044.0,3434847.0,3017898.0,231431.0,7855366.0,180.05,78.39,68.88,4179.062937062937
72,Mongolia,1007871,2179.0,1005658.0,34.0,4030048.0,3378078.0,3398366,5478794.0,2272363.0,2174463.0,4412231.0,5481513.0,164.56,68.25,65.31,4116.1275
73,Nepal,1001102,12020.0,989064.0,18.0,6003944.0,30225582.0,30547580,39935568.0,21994736.0,19014212.0,11181021.0,39804602.0,134.58,74.12,64.08,3141.3583138173303
74,Belarus,994037,7118.0,985592.0,1327.0,13646641.0,9432800.0,9534954,11634483.0,5801653.0,5565214.0,0.0,11509794.0,123.21,61.44,58.94,2726.800894854586
75,Latvia,975355,6218.0,968830.0,307.0,7858319.0,1848837.0,1850651,2874324.0,1344075.0,1302192.0,2874313.0,2873254.0,153.96,71.99,69.75,3213.008350730689
76,Saudi Arabia,827962,9574.0,815528.0,2860.0,45048008.0,35844909.0,36408820,62388851.0,26167138.0,24460457.0,58669335.0,62105262.0,176.54,74.04,69.21,3984.8571428571427
77,Azerbaijan,827944,10085.0,817654.0,205.0,7487550.0,10300205.0,10358074,13425032.0,5322427.0,4821276.0,10497102.0,13406873.0,131.32,52.06,47.16,3007.802752293578
78,Paraguay,806256,19820.0,,,2657506.0,7305843.0,6780744,8428214.0,3868131.0,3316744.0,4105501.0,8406382.0,116.74,53.58,45.94,2940.338383838384
79,Bahrain,700452,1543.0,698400.0,509.0,10682444.0,1783983.0,1472233,3421273.0,1232740.0,1216033.0,2927653.0,3399681.0,195.69,70.51,69.56,4273.7692307692305
80,Sri Lanka,671989,16828.0,655158.0,3.0,6486117.0,21575842.0,21832143,39102567.0,16995787.0,14387077.0,33589253.0,39089813.0,181.9,79.06,66.93,4350.145933014354
81,Kuwait,662858,2570.0,660237.0,51.0,8455743.0,4380326.0,4268873,7814545.0,3410314.0,3283891.0,30927.0,7788956.0,180.53,78.79,75.87,3989.8115299334813
82,Dominican Republic,660095,4384.0,644785.0,10926.0,3740928.0,11056370.0,11228821,15484878.0,7184321.0,5923507.0,13464273.0,15475985.0,141.37,65.59,54.08,3471.3808353808354
83,Cyprus,642663,1287.0,633422.0,7954.0,9640118.0,1223387.0,1251488,1773485.0,687926.0,645292.0,428204.0,1767377.0,197.93,76.78,72.02,4741.625
84,Myanmar,633820,19490.0,614299.0,31.0,9941945.0,55227143.0,54179306,49316486.0,26473700.0,21803150.0,3800.0,48927388.0,89.98,48.3,39.78,2105.5283018867926
85,Palestine,621008,5404.0,615445.0,159.0,3078533.0,5345541.0,5250072,3694897.0,1995873.0,1756319.0,1655605.0,3620769.0,70.75,38.21,33.63,1931.0974930362117
86,Estonia,613891,2912.0,524990.0,85989.0,3659157.0,1321910.0,1326062,1971557.0,859186.0,842855.0,1971366.0,1971332.0,148.78,64.84,63.6,3255.0962800875272
87,Moldova,598673,11953.0,504142.0,82578.0,3216305.0,4013171.0,3272996,2123778.0,1083286.0,1054472.0,1334576.0,2118182.0,52.78,26.92,26.2,1353.1413881748072
88,Venezuela,551587,5845.0,545003.0,739.0,3359014.0,29266991.0,28301696,37860994.0,22157232.0,14287370.0,0.0,37861146.0,131.9,77.19,49.77,3289.1920199501246
89,Egypt,515645,24613.0,442182.0,48850.0,3693367.0,106156692.0,110990103,76716981.0,44531740.0,31722116.0,2078777.0,75906019.0,73.58,42.71,30.43,1733.4666666666667
90,Libya,507162,6437.0,500721.0,4.0,2483446.0,7040745.0,6812341,3415834.0,2201314.0,1125758.0,200655.0,3418436.0,49.09,31.63,16.18,1440.6304985337244
91,China,503302,5272.0,379053.0,118977.0,160000000.0,,1425887337,3263129000.0,1275541000.0,1240777000.0,3182669000.0,3250342496.0,225.94,88.32,85.91,4798.678038379531
92,Ethiopia,499531,7572.0,486531.0,5428.0,5459809.0,120812698.0,123379924,29373478.0,24486746.0,20958931.0,23047615.0,28971509.0,24.92,20.77,17.78,696.243626062323
93,Qatar,492534,686.0,491585.0,263.0,4065369.0,2979915.0,2695122,6607185.0,2593517.0,2593517.0,5261743.0,6598209.0,225.46,88.5,88.5,4873.508658008658
95,Honduras,470757,11104.0,,,1619676.0,10221247.0,10432860,11995048.0,5377876.0,4777999.0,229026.0,11950310.0,119.2,53.44,47.48,3044.994871794872
96,Armenia,446008,8717.0,435162.0,2129.0,3242901.0,2971966.0,2780469,2088962.0,1113472.0,948778.0,0.0,2079254.0,70.38,37.51,31.97,2018.8097982708935
97,Bosnia and Herzegovina,401384,16255.0,379084.0,6045.0,1884721.0,3249317.0,3233526,1924950.0,943394.0,846080.0,93862.0,1913728.0,58.98,28.91,25.93,1665.9232954545455
98,Oman,399449,4628.0,384669.0,10152.0,25000000.0,5323993.0,4576298,6986946.0,3242461.0,3021149.0,65081.0,6976429.0,133.76,62.08,57.84,2974.6391982182627
99,North Macedonia,346428,9638.0,336623.0,167.0,2216193.0,2081304.0,2093599,1836421.0,852584.0,835151.0,950551.0,1835527.0,88.18,40.94,40.1,2220.007556675063
100,Kenya,342810,5688.0,337040.0,82.0,3967062.0,56215221.0,54027487,17327143.0,11696182.0,8090985.0,11113785.0,17240992.0,31.51,21.27,14.71,825.171052631579
101,Zambia,340763,4047.0,335104.0,1612.0,3865993.0,19470234.0,20017675,3402612.0,2829929.0,2182849.0,1395616.0,3367782.0,17.98,14.96,11.54,509.9885386819484
102,Albania,334167,3595.0,328951.0,1621.0,1941032.0,2866374.0,2842321,2754244.0,1278902.0,1215199.0,1417691.0,2748980.0,95.87,44.52,42.3,2184.5479452054797
103,Botswana,329227,2800.0,325934.0,493.0,2026898.0,2441162.0,2630296,2517260.0,1454775.0,1292541.0,10435.0,2120207.0,105.01,60.69,53.92,2449.9529085872578
104,Luxembourg,297757,1133.0,288991.0,7633.0,4412567.0,642371.0,647599,1280144.0,480279.0,460292.0,1190164.0,1279632.0,201.66,75.66,72.51,4449.805739514349
105,Montenegro,286355,2797.0,283210.0,348.0,2697814.0,627950.0,627082,668206.0,289687.0,281571.0,600139.0,668465.0,106.39,46.12,44.83,2647.636815920398
106,Brunei,275220,225.0,243601.0,31394.0,717784.0,445431.0,449002,1068468.0,407945.0,404935.0,262753.0,1067347.0,241.99,92.39,91.71,6906.782857142857
107,Algeria,271378,6881.0,182749.0,81748.0,230861.0,45350148.0,44903225,13704895.0,7461932.0,6110712.0,170786.0,13697360.0,30.72,16.72,13.7,759.799504950495
108,Nigeria,266463,3155.0,259850.0,3458.0,5708974.0,216746934.0,218541212,31391732.0,21049754.0,9565143.0,3160328.0,30801024.0,14.85,9.96,4.52,375.5412371134021
109,Zimbabwe,261606,5652.0,254951.0,1003.0,2525756.0,15331428.0,16320537,9039729.0,5053114.0,3510256.0,8209882.0,8754303.0,59.9,33.48,23.26,1435.7623762376238
110,Uzbekistan,250567,1637.0,241486.0,7444.0,1377915.0,34382084.0,34627652,44177104.0,18633103.0,13852504.0,15127072.0,43932105.0,130.18,54.91,40.82,3730.743515850144
111,Mozambique,231994,2233.0,228805.0,956.0,1371127.0,33089461.0,32969517,26215793.0,14243939.0,13130997.0,295812.0,26239037.0,81.51,44.29,40.83,2130.0757180156656
113,Laos,217973,758.0,,,1233207.0,7481023.0,7529475,10048983.0,5593478.0,4455505.0,1888843.0,9982259.0,136.18,75.8,60.38,3597.648936170213
114,Iceland,208688,229.0,,,1996384.0,345393.0,372899,805469.0,309770.0,290193.0,258851.0,800598.0,218.41,84.0,78.69,4781.651982378855
115,Afghanistan,208545,7882.0,186088.0,14575.0,1188898.0,40754388.0,41128771,5751015.0,5082824.0,4420127.0,13742.0,5741998.0,14.44,12.76,11.1,366.76335877862596
116,Kyrgyzstan,206592,2991.0,196406.0,7195.0,1907195.0,6728271.0,6630623,2902889.0,1488749.0,1237551.0,2206056.0,2888903.0,43.8,22.46,18.67,1190.8579234972678
117,El Salvador,201785,4230.0,179410.0,18145.0,2610114.0,6550389.0,6336392,10418549.0,4582343.0,4281899.0,4964236.0,10357605.0,159.83,70.3,65.69,3972.3875
119,Trinidad and Tobago,187908,4326.0,183264.0,318.0,888936.0,1406585.0,1531044,1543684.0,746106.0,708762.0,1520081.0,1542653.0,110.0,53.17,50.5,2700.8722358722357
120,Maldives,185715,311.0,163687.0,21717.0,2213831.0,540985.0,523787,913264.0,398348.0,371439.0,778533.0,913251.0,168.0,73.28,68.33,4168.620347394541
121,Ghana,171112,1462.0,169636.0,14.0,2527319.0,32395450.0,33475870,12637542.0,8793591.0,4867214.0,180950.0,12605420.0,39.83,27.71,15.34,1100.3628808864266
122,Namibia,170741,4088.0,166452.0,201.0,1062663.0,2633874.0,2567012,834756.0,450833.0,383923.0,234709.0,831696.0,32.26,17.42,14.84,864.1048387096774
123,Uganda,170400,3630.0,100431.0,66339.0,3012408.0,48432863.0,47249585,17197954.0,14131307.0,8014082.0,720077.0,17114131.0,36.5,29.99,17.01,981.5567567567567
124,Jamaica,153407,3480.0,102212.0,47715.0,1183986.0,2985094.0,2827377,1393819.0,780377.0,672613.0,517817.0,1398881.0,46.88,26.24,22.62,1221.974025974026
125,Cambodia,138693,3056.0,135624.0,13.0,3091420.0,17168639.0,16767842,36819740.0,14814942.0,13989488.0,35597309.0,36716148.0,217.27,87.42,82.55,5258.7208737864075
126,Rwanda,133090,1468.0,131559.0,63.0,5959042.0,13600464.0,13776698,19421047.0,8895871.0,8036044.0,920644.0,18478476.0,146.28,67.0,60.53,3721.446524064171
127,Cameroon,123993,1965.0,118616.0,3412.0,1751774.0,27911548.0,27914536,1558668.0,1348787.0,1048664.0,10290.0,1488796.0,5.73,4.95,3.85,158.93023255813952
128,Malta,117062,824.0,115623.0,615.0,2109235.0,444033.0,533286,1255851.0,473639.0,466296.0,1218519.0,1246893.0,243.33,91.77,90.35,5553.986206896552
129,Barbados,106157,571.0,105570.0,16.0,790354.0,288023.0,281635,312145.0,161076.0,151069.0,289018.0,314227.0,108.49,55.99,52.51,2690.064039408867
130,Angola,105184,1931.0,103216.0,37.0,1499795.0,35027343.0,35588987,17535411.0,11235059.0,5993792.0,0.0,17435547.0,51.68,33.11,17.66,1320.8560411311055
134,Senegal,88902,1971.0,86929.0,2.0,1146543.0,17653671.0,17316449,2496373.0,1457116.0,1039257.0,348554.0,2500714.0,14.52,8.47,6.04,376.77979274611397
135,Malawi,88559,2686.0,85369.0,504.0,624784.0,20180839.0,20405317,1993981.0,1570322.0,861888.0,1280039.0,1989350.0,10.15,7.99,4.39,280.4432132963989
137,Suriname,82020,1398.0,,,239603.0,596831.0,618040,504529.0,267335.0,237194.0,343344.0,505414.0,85.25,45.17,40.08,2145.811557788945
138,New Caledonia,79845,314.0,79526.0,5.0,98964.0,290915.0,289950,367883.0,188003.0,179880.0,0.0,366896.0,127.64,65.23,62.41,3038.150357995227
139,French Polynesia,77957,649.0,,,,284164.0,306279,367057.0,186250.0,180807.0,855.0,365451.0,129.92,65.92,63.99,3087.0429594272077
140,Eswatini,74133,1422.0,72676.0,35.0,1048704.0,1184817.0,1201670,509424.0,387509.0,318360.0,110765.0,518082.0,43.45,33.05,27.16,1244.8225352112677
141,Guyana,72950,1294.0,71357.0,299.0,717867.0,794045.0,808726,889522.0,471864.0,360587.0,144957.0,888738.0,112.55,59.7,45.62,2762.928746928747
142,Belize,70660,688.0,69949.0,23.0,576016.0,412190.0,405272,467251.0,236015.0,209156.0,122692.0,467027.0,115.39,58.29,51.65,2957.4307692307693
143,Fiji,68820,883.0,66780.0,1157.0,667715.0,909466.0,929766,1308235.0,680784.0,627451.0,28295.0,1308133.0,144.89,75.4,69.49,3853.218085106383
144,Madagascar,67827,1419.0,66370.0,38.0,524209.0,29178077.0,29611714,1306962.0,1098703.0,1050879.0,13544.0,1297552.0,4.6,3.86,3.7,145.21656050955414
145,Sudan,63742,5001.0,58284.0,457.0,562941.0,45992020.0,46874204,6131070.0,5171677.0,2746556.0,45572.0,6073043.0,13.65,11.52,6.12,373.6077348066298
146,Mauritania,63665,997.0,62437.0,231.0,1009957.0,4901981.0,4736139,2650797.0,1553213.0,1057009.0,24659.0,2648902.0,55.51,32.53,22.14,1540.9416666666666
148,Bhutan,62605,21.0,61564.0,1020.0,2303734.0,787941.0,782455,1787937.0,687549.0,579640.0,862033.0,2027553.0,229.25,88.16,74.32,7241.676880222842
149,Syria,57453,3164.0,54289.0,0.0,146269.0,19364809.0,22125249,3369196.0,2308843.0,1318742.0,0.0,3365307.0,18.44,12.63,7.22,475.8397932816537
150,Burundi,53492,38.0,53394.0,60.0,345742.0,12624840.0,12889576,12166.0,10372.0,9906.0,460.0,12150.0,0.1,0.08,0.08,6.586666666666667
151,Seychelles,50665,172.0,50440.0,53.0,,99426.0,107118,199466.0,84327.0,80089.0,42863.0,200773.0,201.66,85.26,80.97,4687.882217090069
152,Gabon,48981,306.0,48674.0,1.0,1621909.0,2331533.0,2388992,548978.0,297308.0,250565.0,1486.0,548794.0,24.09,13.05,11.0,668.9472222222222
153,Andorra,47839,165.0,47563.0,111.0,249838.0,77463.0,79824,151997.0,57817.0,53367.0,4802.0,151499.0,196.5,74.74,68.99,4753.648058252427
154,Papua New Guinea,46750,670.0,43982.0,2098.0,249149.0,9292169.0,10142619,574716.0,317150.0,257566.0,0.0,571996.0,6.3,3.48,2.82,172.80440771349862
156,Aruba,43993,236.0,42438.0,1319.0,177885.0,107609.0,106445,169231.0,87884.0,81347.0,110150.0,147104.0,157.87,81.99,75.89,3759.7123287671234
157,Tanzania,42664,846.0,,,,63298550.0,65497748,5031070.0,3941772.0,3067877.0,0.0,4967642.0,8.18,6.41,4.99,355.80616740088107
159,Mauritius,41652,1043.0,39943.0,666.0,358675.0,1274727.0,1299469,2494317.0,1000474.0,963452.0,35153.0,2476828.0,195.87,78.57,75.66,4743.9
160,Togo,39354,290.0,39061.0,3.0,806803.0,8680837.0,8848699,2757575.0,1558542.0,1557538.0,0.0,2756117.0,32.53,18.38,18.37,885.8337874659401
161,Guinea,38240,467.0,37757.0,16.0,660107.0,13865691.0,13859341,5952680.0,3472605.0,2480075.0,1586407.0,5862557.0,44.1,25.73,18.37,1223.5154929577466
162,Isle of Man,38008,116.0,,,150753.0,85732.0,84519,189498.0,69518.0,66975.0,93201.0,186299.0,221.87,81.39,78.42,5049.122685185185
163,Bahamas,37491,833.0,36366.0,292.0,257839.0,400516.0,409984,334155.0,164961.0,156089.0,9258.0,334063.0,84.19,41.56,39.33,2232.4827586206898
164,Lesotho,34790,723.0,25980.0,8087.0,431221.0,2175699.0,2305825,905438.0,782175.0,727528.0,0.0,902652.0,41.94,36.23,33.7,1105.9391534391534
166,Haiti,34076,860.0,33033.0,183.0,132422.0,11680283.0,11584996,249801.0,163710.0,112335.0,41453.0,248463.0,2.16,1.42,0.97,86.112
167,Mali,32783,743.0,31957.0,83.0,789342.0,21473764.0,22593590,1873615.0,1331919.0,978690.0,0.0,1849432.0,8.98,6.39,4.69,246.3527777777778
168,Cayman Islands,31472,37.0,8553.0,22882.0,222773.0,67277.0,68706,141118.0,60364.0,58385.0,15339.0,141749.0,212.21,90.78,87.8,4695.127753303965
169,Saint Lucia,29803,409.0,29095.0,299.0,210983.0,185113.0,179857,117740.0,58119.0,52713.0,26255.0,117974.0,63.85,31.52,28.59,1591.4427860696517
170,Benin,27989,163.0,27823.0,3.0,604310.0,12784726.0,13352864,3333450.0,2955274.0,2430934.0,0.0,3265021.0,26.77,23.74,19.52,835.1178343949044
171,Somalia,27318,1361.0,13182.0,12775.0,400466.0,16841795.0,17597511,2395219.0,1929472.0,1290895.0,37292.0,2240573.0,14.64,11.79,7.89,404.0117994100295
173,Solomon Islands,24575,153.0,,,,721159.0,724273,358073.0,235668.0,122405.0,0.0,351879.0,50.86,33.48,17.39,1350.9513513513514
174,San Marino,23427,122.0,23276.0,29.0,157634.0,34085.0,33660,68230.0,26331.0,23602.0,20141.0,68643.0,200.62,77.42,69.4,5228.777202072539
177,Burkina Faso,22025,396.0,21596.0,33.0,248995.0,22102838.0,22673762,2369487.0,2131880.0,1188545.0,0.0,2364862.0,11.02,9.92,5.53,378.10996563573883
178,Liechtenstein,21340,89.0,21237.0,14.0,112457.0,38387.0,39327,70434.0,26721.0,26395.0,70434.0,70420.0,184.12,69.85,69.0,3984.5281385281387
179,Gibraltar,20399,111.0,16579.0,3709.0,534283.0,33704.0,32649,116358.0,42034.0,41228.0,91192.0,118060.0,345.37,124.76,122.37,8000.463470319634
180,Grenada,19680,238.0,19358.0,84.0,182981.0,113475.0,125438,87154.0,43292.0,37915.0,1037.0,87153.0,77.12,38.31,33.55,1894.7518427518428
181,Bermuda,18766,157.0,18593.0,16.0,1024947.0,61939.0,64184,127090.0,48196.0,46699.0,0.0,127654.0,204.68,77.62,75.21,4683.136674259681
182,Nicaragua,18491,225.0,4225.0,14041.0,,6779100.0,6948392,9611936.0,5498389.0,4113547.0,0.0,9616160.0,143.41,82.04,61.37,3688.2673521850897
183,South Sudan,18368,138.0,18115.0,115.0,410280.0,11618511.0,10913164,575057.0,526243.0,482816.0,7489.0,570445.0,5.05,4.62,4.24,142.36363636363637
184,Tajikistan,17786,125.0,17264.0,397.0,,9957464.0,9952787,10439469.0,5085230.0,4614268.0,124745.0,10235637.0,107.08,52.16,47.33,3386.6032258064515
185,Equatorial Guinea,17190,183.0,16883.0,124.0,365697.0,1496662.0,1674908,473409.0,262703.0,210706.0,639.0,467283.0,32.65,18.12,14.53,859.4506666666666
186,Tonga,16734,13.0,15638.0,1083.0,535009.0,107749.0,106858,147193.0,76910.0,70283.0,0.0,145202.0,137.87,72.04,65.83,4331.506369426752
187,Samoa,16087,29.0,1605.0,14453.0,187397.0,202239.0,222382,304893.0,173862.0,131031.0,0.0,296358.0,152.34,86.87,65.47,4612.869158878505
188,Monaco,16056,65.0,15982.0,9.0,78646.0,39783.0,36469,65140.0,28875.0,25667.0,0.0,65072.0,164.83,73.06,64.95,4625.13202247191
189,Dominica,15760,74.0,15673.0,13.0,229344.0,72344.0,72737,62334.0,32403.0,29931.0,6417.0,62881.0,86.37,44.9,41.47,2140.673218673219
190,Djibouti,15690,189.0,15427.0,74.0,305941.0,1016097.0,1120849,165554.0,145050.0,105020.0,0.0,155429.0,16.52,14.47,10.48,460.3234421364985
193,Gambia,12586,372.0,12189.0,25.0,155686.0,2558482.0,2705992,363353.0,331266.0,318161.0,429.0,364195.0,14.61,13.32,12.79,389.5345744680851
195,Vanuatu,12014,14.0,11976.0,24.0,24976.0,321832.0,326740,199464.0,114284.0,85180.0,0.0,195446.0,63.43,36.34,27.09,2284.9411764705883
196,Greenland,11971,21.0,2761.0,9189.0,164926.0,56973.0,56466,79745.0,41243.0,38502.0,43336.0,77373.0,140.23,72.52,67.7,3367.7475247524753
197,Yemen,11945,2159.0,9124.0,662.0,329592.0,31154867.0,33696614,807502.0,643501.0,404781.0,0.0,794952.0,2.65,2.11,1.33,83.79742765273312
201,Niger,9931,312.0,8890.0,729.0,254538.0,26083660.0,26207977,2681673.0,2180972.0,1545630.0,0.0,2680539.0,10.67,8.68,6.15,295.46260387811634
203,Antigua and Barbuda,9106,146.0,8954.0,6.0,18901.0,99509.0,93763,125386.0,63836.0,61550.0,8412.0,127997.0,127.0,64.66,62.34,3315.7033248081843
204,Comoros,8992,161.0,8827.0,4.0,,907419.0,836774,637961.0,341102.0,301218.0,0.0,628825.0,71.81,38.39,33.9,2119.017964071856
205,Guinea-Bissau,8947,176.0,8656.0,115.0,145231.0,2063367.0,2105566,562620.0,519455.0,341495.0,1658.0,558071.0,27.91,25.77,16.94,870.7893081761006
206,Liberia,8062,294.0,7766.0,2.0,139824.0,5305117.0,5302681,1132502.0,1047889.0,1015633.0,10089.0,1093880.0,21.86,20.23,19.61,666.1829652996845
207,Sierra Leone,7760,126.0,,,259958.0,8306436.0,8605718,2134324.0,1727305.0,1114047.0,7981.0,2062290.0,26.22,21.22,13.68,692.120218579235
208,Chad,7652,194.0,4874.0,2584.0,191341.0,17413580.0,17723315,419469.0,282003.0,153238.0,0.0,414391.0,2.48,1.67,0.91,87.13523131672598
209,British Virgin Islands,7305,64.0,,,107339.0,30596.0,31305,40537.0,19165.0,17646.0,0.0,25262.0,133.24,63.0,58.0,2695.996753246753
210,Cook Islands,7011,2.0,6993.0,16.0,19690.0,17571.0,17011,29565.0,14992.0,14573.0,0.0,26789.0,168.25,85.32,82.93,4965.931596091205
211,Saint Kitts and Nevis,6592,46.0,6537.0,9.0,126903.0,53871.0,47657,60467.0,31162.0,26294.0,6553.0,61352.0,112.93,58.2,49.11,3113.540760869565
213,Sao Tome and Principe,6280,77.0,6202.0,1.0,29036.0,227679.0,227380,205085.0,113027.0,86046.0,0.0,201127.0,91.82,50.6,38.52,2522.2100840336134
216,Kiribati,5008,18.0,2703.0,2287.0,,123419.0,131232,133953.0,78620.0,55333.0,0.0,133016.0,110.35,64.77,45.58,3739.914675767918
217,Nauru,4621,1.0,4609.0,11.0,20509.0,10903.0,12668,16824.0,9150.0,7674.0,168.0,17063.0,154.73,84.15,70.58,4522.472622478386
218,Anguilla,3904,12.0,3879.0,13.0,51382.0,15230.0,15857,22714.0,10572.0,9624.0,1421.0,23128.0,150.18,69.9,63.63,3693.449275362319
221,Wallis and Futuna,3427,7.0,438.0,2982.0,20508.0,10982.0,11572,13073.0,6483.0,6457.0,0.0,12538.0,117.84,58.44,58.2,3054.5297297297298
222,Tuvalu,2805,,,2805.0,,12066.0,11312,12114.0,6230.0,5884.0,0.0,9639.0,101.58,52.24,49.34,4541.095505617977
224,Falkland Islands,1930,,1930.0,0.0,8632.0,3539.0,3780,4407.0,2632.0,1775.0,0.0,4933.0,124.91,74.6,50.31,21185.39393939394
225,Montserrat,1403,8.0,1376.0,19.0,17762.0,4965.0,4390,4211.0,1897.0,1804.0,0.0,4320.0,84.54,38.08,36.22,2115.4268292682927
226,Niue,747,,746.0,1.0,,1622.0,1934,4161.0,1650.0,1417.0,0.0,4324.0,257.81,102.23,87.79,10109.509433962265
231,Tokelau,5,,,5.0,,1378.0,1871,1936.0,968.0,968.0,0.0,1966.0,141.52,70.76,70.76,12718.106194690265
